k,m,T,P_cont,P_disc_best,bound_factor,best_b,best_x,best_P
3,9,30,0.026999999999999996,0.09259259259259259,1.915540829013896,"(2, 2, 5)","(3, 3, 24)",0.09259259259259259
3,15,30,0.125,0.23011363636363638,1.568312185490169,"(3, 3, 9)","(4, 4, 22)",0.23011363636363638
4,12,24,0.0625,0.11904761904761904,2.718281828459045,"(2, 2, 3, 5)","(3, 3, 4, 14)",0.11904761904761904
